id,user,rating
2897196,Francis,3
1329338,Francis,5
7065882,Francis,1
1615477,Francis,4
2316564,Francis,5
174856,Francis,3
244847,Francis,3
104927,Francis,1
1562870,Francis,3
967060,Francis,5
148537,Francis,5
260775,Francis,3
5280788,Francis,1
502413,Francis,3
371636,Francis,5
1809195,Francis,3
2130022,Francis,5
419815,Francis,2
2187105,Francis,4
6610020,Francis,3
642381,Francis,2
288320,Francis,5
2932788,Francis,4
2912226,Francis,5
559276,Francis,1
2897196,Constance,4
1329338,Constance,2
7065882,Constance,5
1615477,Constance,3
2316564,Constance,5
174856,Constance,4
244847,Constance,4
104927,Constance,1
1562870,Constance,2
967060,Constance,1
148537,Constance,5
260775,Constance,4
5280788,Constance,2
502413,Constance,2
371636,Constance,1
1809195,Constance,4
2130022,Constance,2
419815,Constance,5
2187105,Constance,4
6610020,Constance,1
642381,Constance,5
288320,Constance,2
2932788,Constance,1
2912226,Constance,2
559276,Constance,1
3295276,Constance,1
4138326,Constance,3
660187,Constance,3
1634540,Constance,5
110912,Constance,4
2897196,Nicholas,5
1329338,Nicholas,4
7065882,Nicholas,4
1615477,Nicholas,5
2316564,Nicholas,4
174856,Nicholas,3
244847,Nicholas,3
104927,Nicholas,4
1562870,Nicholas,3
967060,Nicholas,5
148537,Nicholas,1
260775,Nicholas,4
5280788,Nicholas,4
502413,Nicholas,1
371636,Nicholas,1
1809195,Nicholas,2
2130022,Nicholas,5
419815,Nicholas,3
2187105,Nicholas,5
6610020,Nicholas,4
642381,Nicholas,5
288320,Nicholas,5
2932788,Nicholas,1
2912226,Nicholas,2
559276,Nicholas,3
3295276,Nicholas,4
2897196,Mike,3
1329338,Mike,3
7065882,Mike,2
1615477,Mike,1
2316564,Mike,3
174856,Mike,4
244847,Mike,1
104927,Mike,4
1562870,Mike,3
967060,Mike,2
148537,Mike,4
260775,Mike,1
5280788,Mike,3
502413,Mike,5
371636,Mike,4
1809195,Mike,1
2130022,Mike,3
419815,Mike,5
2187105,Mike,1
6610020,Mike,3
642381,Mike,5
288320,Mike,1
2932788,Mike,1
2912226,Mike,4
559276,Mike,5
3295276,Mike,5
4138326,Mike,1
660187,Mike,5
1634540,Mike,5
110912,Mike,5
105236,Mike,5
2897196,Emily,5
1329338,Emily,5
7065882,Emily,4
1615477,Emily,4
2316564,Emily,4
174856,Emily,4
244847,Emily,1
104927,Emily,3
1562870,Emily,5
967060,Emily,3
148537,Emily,3
260775,Emily,1
5280788,Emily,5
502413,Emily,333
371636,Emily,2
1809195,Emily,4
2130022,Emily,5
419815,Emily,1
2187105,Emily,2
6610020,Emily,4
642381,Emily,4
288320,Emily,1
2932788,Emily,3
2912226,Emily,3
559276,Emily,2
3295276,Emily,3
4138326,Emily,5
660187,Emily,1
1634540,Emily,3
2897196,Everett,5
1329338,Everett,5
7065882,Everett,1
1615477,Everett,3
2316564,Everett,2
174856,Everett,5
244847,Everett,4
104927,Everett,4
1562870,Everett,4
967060,Everett,1
148537,Everett,5
260775,Everett,2
5280788,Everett,5
502413,Everett,5
371636,Everett,1
1809195,Everett,3
2130022,Everett,5
419815,Everett,4
2187105,Everett,3
6610020,Everett,5
642381,Everett,5
288320,Everett,2
2932788,Everett,4
2912226,Everett,2
559276,Everett,2
3295276,Everett,2
2897196,Jean,5
1329338,Jean,1
7065882,Jean,2
1615477,Jean,1
2316564,Jean,4
174856,Jean,1
244847,Jean,4
104927,Jean,3
1562870,Jean,5
967060,Jean,5
148537,Jean,2
260775,Jean,5
5280788,Jean,3
502413,Jean,5
371636,Jean,5
1809195,Jean,3
2130022,Jean,3
419815,Jean,3
2187105,Jean,4
6610020,Jean,3
642381,Jean,3
288320,Jean,5
2932788,Jean,5
2912226,Jean,5
559276,Jean,5
3295276,Jean,5
4138326,Jean,4
660187,Jean,3
2897196,Lauren,3
1329338,Lauren,4
7065882,Lauren,3
1615477,Lauren,4
2316564,Lauren,1
174856,Lauren,3
244847,Lauren,5
104927,Lauren,3
1562870,Lauren,2
967060,Lauren,3
148537,Lauren,3
260775,Lauren,3
5280788,Lauren,5
502413,Lauren,2
371636,Lauren,2
1809195,Lauren,5
2130022,Lauren,3
419815,Lauren,4
2187105,Lauren,2
6610020,Lauren,5
642381,Lauren,1
288320,Lauren,1
2932788,Lauren,2
2912226,Lauren,3
559276,Lauren,3
3295276,Lauren,3
4138326,Lauren,3
660187,Lauren,4
1634540,Lauren,1
110912,Lauren,1
105236,Lauren,4
2897196,Richard,2
1329338,Richard,5
7065882,Richard,1
1615477,Richard,2
2316564,Richard,1
174856,Richard,1
244847,Richard,2
104927,Richard,5
1562870,Richard,1
967060,Richard,5
148537,Richard,1
260775,Richard,4
5280788,Richard,5
502413,Richard,5
371636,Richard,4
1809195,Richard,3
2130022,Richard,4
419815,Richard,1
2187105,Richard,1
6610020,Richard,1
642381,Richard,3
288320,Richard,1
2932788,Richard,4
2912226,Richard,5
559276,Richard,1
3295276,Richard,5
4138326,Richard,4
660187,Richard,5
1634540,Richard,1
110912,Richard,1
2897196,Jeff,3
1329338,Jeff,2
7065882,Jeff,2
1615477,Jeff,4
2316564,Jeff,4
174856,Jeff,4
244847,Jeff,3
104927,Jeff,1
1562870,Jeff,1
967060,Jeff,5
148537,Jeff,3
260775,Jeff,2
5280788,Jeff,1
502413,Jeff,2
371636,Jeff,1
1809195,Jeff,4
2130022,Jeff,1
419815,Jeff,3
2187105,Jeff,2
6610020,Jeff,2
642381,Jeff,2
288320,Jeff,3
2932788,Jeff,5
2912226,Jeff,1
559276,Jeff,5
3295276,Jeff,3
2897196,Joan,3
1329338,Joan,5
7065882,Joan,3
1615477,Joan,2
2316564,Joan,2
174856,Joan,3
244847,Joan,2
104927,Joan,2
1562870,Joan,4
967060,Joan,1
148537,Joan,4
260775,Joan,5
5280788,Joan,5
502413,Joan,1
371636,Joan,2
1809195,Joan,4
2130022,Joan,5
419815,Joan,3
2187105,Joan,5
6610020,Joan,4
642381,Joan,4
288320,Joan,2
2932788,Joan,3
2912226,Joan,3
559276,Joan,5
3295276,Joan,2
4138326,Joan,5
660187,Joan,1
1634540,Joan,5
110912,Joan,1
105236,Joan,2
116367,Joan,5
1028528,Joan,3
3460252,Joan,5
2897196,Janet,4
1329338,Janet,3
7065882,Janet,2
1615477,Janet,4
2316564,Janet,3
174856,Janet,3
244847,Janet,1
104927,Janet,5
1562870,Janet,4
967060,Janet,2
148537,Janet,4
260775,Janet,2
5280788,Janet,5
502413,Janet,2
371636,Janet,4
1809195,Janet,5
2130022,Janet,4
419815,Janet,3
2187105,Janet,1
6610020,Janet,5
642381,Janet,3
288320,Janet,2
2932788,Janet,5
2912226,Janet,2
559276,Janet,1
3295276,Janet,4
4138326,Janet,1
660187,Janet,4
1634540,Janet,4
110912,Janet,4
105236,Janet,3
2897196,Delora,1
1329338,Delora,2
7065882,Delora,3
1615477,Delora,4
2316564,Delora,5
174856,Delora,1
244847,Delora,2
104927,Delora,1
1562870,Delora,5
967060,Delora,5
148537,Delora,5
260775,Delora,4
5280788,Delora,5
502413,Delora,2
371636,Delora,2
1809195,Delora,3
2130022,Delora,3
419815,Delora,5
2187105,Delora,3
6610020,Delora,4
642381,Delora,2
288320,Delora,5
2932788,Delora,3
2912226,Delora,333
559276,Delora,4
3295276,Delora,2
4138326,Delora,5
660187,Delora,4
1634540,Delora,1
110912,Delora,5
2897196,Aurora,2
1329338,Aurora,4
7065882,Aurora,1
1615477,Aurora,3
2316564,Aurora,4
174856,Aurora,5
244847,Aurora,2
104927,Aurora,1
1562870,Aurora,1
967060,Aurora,2
148537,Aurora,3
260775,Aurora,3
5280788,Aurora,3
502413,Aurora,3
371636,Aurora,2
1809195,Aurora,1
2130022,Aurora,2
419815,Aurora,3
2187105,Aurora,4
6610020,Aurora,1
642381,Aurora,4
288320,Aurora,4
2932788,Aurora,1
2912226,Aurora,3
559276,Aurora,3
2897196,Concetta,1
1329338,Concetta,4
7065882,Concetta,3
1615477,Concetta,4
2316564,Concetta,3
174856,Concetta,1
244847,Concetta,3
104927,Concetta,3
1562870,Concetta,5
967060,Concetta,3
148537,Concetta,5
260775,Concetta,3
5280788,Concetta,5
502413,Concetta,4
371636,Concetta,2
1809195,Concetta,5
2130022,Concetta,4
419815,Concetta,2
2187105,Concetta,4
6610020,Concetta,5
642381,Concetta,4
288320,Concetta,3
2932788,Concetta,2
2912226,Concetta,1
559276,Concetta,1
3295276,Concetta,2
4138326,Concetta,3
660187,Concetta,5
1634540,Concetta,3
110912,Concetta,1
105236,Concetta,2
116367,Concetta,5
1028528,Concetta,5
3460252,Concetta,4
2897196,Donna,5
1329338,Donna,1
7065882,Donna,3
1615477,Donna,4
2316564,Donna,2
174856,Donna,1
244847,Donna,5
104927,Donna,2
1562870,Donna,3
967060,Donna,5
148537,Donna,4
260775,Donna,4
5280788,Donna,5
502413,Donna,1
371636,Donna,1
1809195,Donna,4
2130022,Donna,3
419815,Donna,5
2187105,Donna,3
6610020,Donna,2
642381,Donna,2
288320,Donna,5
2932788,Donna,2
2912226,Donna,2
559276,Donna,1
3295276,Donna,5
4138326,Donna,4
660187,Donna,2
1634540,Donna,1
110912,Donna,1
105236,Donna,2
116367,Donna,4
1028528,Donna,2
3460252,Donna,3
361748,Donna,5
119396,Donna,4
2897196,Brent,3
1329338,Brent,1
7065882,Brent,2
1615477,Brent,3
2316564,Brent,2
174856,Brent,3
244847,Brent,4
104927,Brent,5
1562870,Brent,2
967060,Brent,1
148537,Brent,2
260775,Brent,2
5280788,Brent,4
502413,Brent,3
371636,Brent,1
1809195,Brent,2
2130022,Brent,3
419815,Brent,3
2187105,Brent,4
6610020,Brent,2
642381,Brent,4
288320,Brent,4
2932788,Brent,4
2912226,Brent,3
559276,Brent,2
3295276,Brent,3
4138326,Brent,4
660187,Brent,4
1634540,Brent,3
110912,Brent,2
260775,Chantal,5
0110912,Chantal,5
0116367,Chantal,5
3460252,Chantal,5
0071562,Chantal,5
1502397,Chantal,5
0110912,Paloma,5
0116367,Paloma,5
3460252,Paloma,5
0071562,Paloma,5
1502397,Paloma,5
2897196,Bonnie,4
1329338,Bonnie,4
7065882,Bonnie,1
1615477,Bonnie,3
2316564,Bonnie,4
174856,Bonnie,2
244847,Bonnie,3
104927,Bonnie,2
1562870,Bonnie,3
967060,Bonnie,1
148537,Bonnie,2
260775,Bonnie,3
5280788,Bonnie,4
502413,Bonnie,2
371636,Bonnie,1
1809195,Bonnie,5
2130022,Bonnie,4
419815,Bonnie,5
2187105,Bonnie,5
6610020,Bonnie,1
642381,Bonnie,1
288320,Bonnie,5
2932788,Bonnie,3
2912226,Bonnie,2
559276,Bonnie,5
3295276,Bonnie,2
4138326,Bonnie,3
660187,Bonnie,4
1634540,Bonnie,4
110912,Bonnie,4
105236,Bonnie,2
116367,Bonnie,2
1028528,Bonnie,5
3460252,Bonnie,2
361748,Bonnie,3
0110912,Beat,1
0116367,Beat,1
3460252,Beat,1
967060,Beat,1
0071562,Beat,1
1028528,Beat,1
1502397,Beat,1
3295276,Beat,1
2897196,Albertina,1
1329338,Albertina,3
7065882,Albertina,4
1615477,Albertina,1
2316564,Albertina,5
174856,Albertina,2
244847,Albertina,1
104927,Albertina,4
1562870,Albertina,333
967060,Albertina,5
148537,Albertina,2
260775,Albertina,1
5280788,Albertina,1
502413,Albertina,2
371636,Albertina,2
1809195,Albertina,2
2130022,Albertina,3
419815,Albertina,2
2187105,Albertina,4
6610020,Albertina,2
642381,Albertina,2
288320,Albertina,5
2932788,Albertina,2
2912226,Albertina,3
559276,Albertina,3
2897196,Timothy,2
1329338,Timothy,3
7065882,Timothy,2
1615477,Timothy,1
2316564,Timothy,3
174856,Timothy,2
244847,Timothy,2
104927,Timothy,4
1562870,Timothy,3
967060,Timothy,3
148537,Timothy,2
260775,Timothy,1
5280788,Timothy,4
502413,Timothy,4
371636,Timothy,4
1809195,Timothy,1
2130022,Timothy,5
419815,Timothy,1
2187105,Timothy,1
6610020,Timothy,1
642381,Timothy,5
288320,Timothy,3
2932788,Timothy,5
2912226,Timothy,1
559276,Timothy,4
3295276,Timothy,5
4138326,Timothy,4
660187,Timothy,2
1634540,Timothy,5
2897196,Elisa,4
1329338,Elisa,1
7065882,Elisa,4
1615477,Elisa,4
2316564,Elisa,2
174856,Elisa,1
244847,Elisa,4
104927,Elisa,3
1562870,Elisa,2
967060,Elisa,5
148537,Elisa,1
260775,Elisa,4
5280788,Elisa,1
502413,Elisa,3
371636,Elisa,4
1809195,Elisa,4
2130022,Elisa,1
419815,Elisa,5
2187105,Elisa,1
6610020,Elisa,1
642381,Elisa,3
288320,Elisa,1
2932788,Elisa,5
2912226,Elisa,3
559276,Elisa,5
3295276,Elisa,5
4138326,Elisa,1
660187,Elisa,3
1634540,Elisa,3
110912,Elisa,4
105236,Elisa,3
116367,Elisa,3
1028528,Elisa,4
2897196,Julie,5
1329338,Julie,2
7065882,Julie,4
1615477,Julie,4
2316564,Julie,2
174856,Julie,2
244847,Julie,2
104927,Julie,2
1562870,Julie,5
967060,Julie,4
148537,Julie,1
260775,Julie,2
5280788,Julie,4
502413,Julie,2
371636,Julie,3
1809195,Julie,3
2130022,Julie,5
419815,Julie,4
2187105,Julie,4
6610020,Julie,2
642381,Julie,4
288320,Julie,5
2932788,Julie,3
2912226,Julie,5
559276,Julie,1
3295276,Julie,1
4138326,Julie,4
660187,Julie,2
1634540,Julie,1
110912,Julie,1
105236,Julie,5
116367,Julie,5
1028528,Julie,1
3460252,Julie,3
2897196,Nathan,5
1329338,Nathan,3
7065882,Nathan,2
1615477,Nathan,3
2316564,Nathan,1
174856,Nathan,1
244847,Nathan,2
104927,Nathan,1
1562870,Nathan,3
967060,Nathan,3
148537,Nathan,2
260775,Nathan,1
5280788,Nathan,2
502413,Nathan,1
371636,Nathan,4
1809195,Nathan,2
2130022,Nathan,5
419815,Nathan,2
2187105,Nathan,4
6610020,Nathan,4
642381,Nathan,1
288320,Nathan,1
2932788,Nathan,4
2912226,Nathan,5
559276,Nathan,4
3295276,Nathan,3
4138326,Nathan,3
660187,Nathan,4
1634540,Nathan,4
110912,Nathan,5
2897196,Marie,1
1329338,Marie,1
7065882,Marie,2
1615477,Marie,2
2316564,Marie,5
174856,Marie,5
244847,Marie,3
104927,Marie,2
1562870,Marie,2
967060,Marie,4
148537,Marie,3
260775,Marie,3
5280788,Marie,5
502413,Marie,5
371636,Marie,5
1809195,Marie,5
2130022,Marie,4
419815,Marie,3
2187105,Marie,2
6610020,Marie,1
642381,Marie,5
288320,Marie,4
2932788,Marie,3
2912226,Marie,1
559276,Marie,2
3295276,Marie,3
4138326,Marie,2
660187,Marie,2
1634540,Marie,1
110912,Marie,1
2897196,Floyd,5
1329338,Floyd,5
7065882,Floyd,4
1615477,Floyd,4
2316564,Floyd,3
174856,Floyd,2
244847,Floyd,1
104927,Floyd,3
1562870,Floyd,5
967060,Floyd,4
148537,Floyd,5
260775,Floyd,1
5280788,Floyd,5
502413,Floyd,4
371636,Floyd,2
1809195,Floyd,5
2130022,Floyd,4
419815,Floyd,3
2187105,Floyd,5
6610020,Floyd,1
642381,Floyd,5
288320,Floyd,3
2932788,Floyd,2
2912226,Floyd,4
559276,Floyd,3
3295276,Floyd,2
4138326,Floyd,4
660187,Floyd,2
1634540,Floyd,4
110912,Floyd,2
105236,Floyd,4
116367,Floyd,1
1028528,Floyd,2
3460252,Floyd,1
361748,Floyd,4
119396,Floyd,1
111161,Floyd,4
68646,Floyd,1
2897196,Charles,5
1329338,Charles,5
7065882,Charles,2
1615477,Charles,5
2316564,Charles,5
174856,Charles,1
244847,Charles,2
104927,Charles,2
1562870,Charles,2
967060,Charles,2
148537,Charles,1
260775,Charles,5
5280788,Charles,2
502413,Charles,5
371636,Charles,4
1809195,Charles,4
2130022,Charles,2
419815,Charles,2
2187105,Charles,5
6610020,Charles,5
642381,Charles,2
288320,Charles,1
2932788,Charles,3
2912226,Charles,3
559276,Charles,2
3295276,Charles,1
4138326,Charles,1
660187,Charles,2
1634540,Charles,1
110912,Charles,5
105236,Charles,2
116367,Charles,3
1028528,Charles,2
3460252,Charles,4
2897196,Teddy,1
1329338,Teddy,4
7065882,Teddy,1
1615477,Teddy,2
2316564,Teddy,1
174856,Teddy,1
244847,Teddy,5
104927,Teddy,5
1562870,Teddy,2
967060,Teddy,5
148537,Teddy,5
260775,Teddy,5
5280788,Teddy,2
502413,Teddy,4
371636,Teddy,2
1809195,Teddy,5
2130022,Teddy,3
419815,Teddy,4
2187105,Teddy,4
6610020,Teddy,1
642381,Teddy,5
288320,Teddy,4
2932788,Teddy,5
2912226,Teddy,4
559276,Teddy,1
3295276,Teddy,3
4138326,Teddy,4
660187,Teddy,4
1634540,Teddy,4
110912,Teddy,2
105236,Teddy,4
116367,Teddy,4
1028528,Teddy,5
3460252,Teddy,1
361748,Teddy,5
119396,Teddy,1
111161,Teddy,1
2897196,Harold,3
1329338,Harold,3
7065882,Harold,4
1615477,Harold,2
2316564,Harold,4
174856,Harold,2
244847,Harold,2
104927,Harold,3
1562870,Harold,3
967060,Harold,2
148537,Harold,1
260775,Harold,3
5280788,Harold,4
502413,Harold,5
371636,Harold,4
1809195,Harold,1
2130022,Harold,3
419815,Harold,1
2187105,Harold,1
6610020,Harold,2
642381,Harold,1
288320,Harold,2
2932788,Harold,4
2912226,Harold,5
559276,Harold,2
3295276,Harold,5
4138326,Harold,5
660187,Harold,5
1634540,Harold,4
110912,Harold,5
105236,Harold,4
116367,Harold,5
1028528,Harold,4
3460252,Harold,2
361748,Harold,3
2897196,David,5
1329338,David,4
7065882,David,5
1615477,David,5
2316564,David,2
174856,David,1
244847,David,1
104927,David,5
1562870,David,5
967060,David,2
148537,David,3
260775,David,2
5280788,David,2
502413,David,5
371636,David,4
1809195,David,1
2130022,David,1
419815,David,3
2187105,David,3
6610020,David,2
642381,David,4
288320,David,3
2932788,David,3
2912226,David,2
559276,David,5
3295276,David,3
4138326,David,4
660187,David,1
1634540,David,5
2897196,Alfredo,1
1329338,Alfredo,1
7065882,Alfredo,2
1615477,Alfredo,1
2316564,Alfredo,1
174856,Alfredo,1
244847,Alfredo,3
104927,Alfredo,4
1562870,Alfredo,4
967060,Alfredo,2
148537,Alfredo,2
260775,Alfredo,4
5280788,Alfredo,1
502413,Alfredo,2
371636,Alfredo,5
1809195,Alfredo,4
2130022,Alfredo,5
419815,Alfredo,4
2187105,Alfredo,1
6610020,Alfredo,5
642381,Alfredo,2
288320,Alfredo,3
2932788,Alfredo,4
2912226,Alfredo,5
559276,Alfredo,4
3295276,Alfredo,1
4138326,Alfredo,5
660187,Alfredo,4
1634540,Alfredo,3
110912,Alfredo,5
105236,Alfredo,3
116367,Alfredo,1
1028528,Alfredo,1
2897196,Jerry,5
1329338,Jerry,3
7065882,Jerry,5
1615477,Jerry,2
2316564,Jerry,4
174856,Jerry,2
244847,Jerry,3
104927,Jerry,1
1562870,Jerry,2
967060,Jerry,5
148537,Jerry,1
260775,Jerry,4
5280788,Jerry,5
502413,Jerry,2
371636,Jerry,4
1809195,Jerry,1
2130022,Jerry,3
419815,Jerry,2
2187105,Jerry,3
6610020,Jerry,3
642381,Jerry,2
288320,Jerry,5
2932788,Jerry,3
2912226,Jerry,5
559276,Jerry,1
2897196,Alfred,3
1329338,Alfred,5
7065882,Alfred,1
1615477,Alfred,1
2316564,Alfred,3
174856,Alfred,1
244847,Alfred,3
104927,Alfred,2
1562870,Alfred,1
967060,Alfred,4
148537,Alfred,4
260775,Alfred,5
5280788,Alfred,3
502413,Alfred,3
371636,Alfred,1
1809195,Alfred,4
2130022,Alfred,5
419815,Alfred,1
2187105,Alfred,3
6610020,Alfred,1
642381,Alfred,1
288320,Alfred,1
2932788,Alfred,4
2912226,Alfred,5
559276,Alfred,1
3295276,Alfred,1
4138326,Alfred,4
660187,Alfred,5
1634540,Alfred,5
110912,Alfred,4
105236,Alfred,3
116367,Alfred,1
1028528,Alfred,4
3460252,Alfred,5
361748,Alfred,5
2897196,Sarah,1
1329338,Sarah,2
7065882,Sarah,3
1615477,Sarah,2
2316564,Sarah,2
174856,Sarah,5
244847,Sarah,3
104927,Sarah,5
1562870,Sarah,4
967060,Sarah,2
148537,Sarah,1
260775,Sarah,5
5280788,Sarah,5
502413,Sarah,3
371636,Sarah,4
1809195,Sarah,5
2130022,Sarah,2
419815,Sarah,4
2187105,Sarah,3
6610020,Sarah,2
642381,Sarah,2
288320,Sarah,4
2932788,Sarah,2
2912226,Sarah,2
559276,Sarah,3
3295276,Sarah,5
4138326,Sarah,5
660187,Sarah,5
1634540,Sarah,1
2897196,Kenneth,5
1329338,Kenneth,5
7065882,Kenneth,2
1615477,Kenneth,4
2316564,Kenneth,1
174856,Kenneth,4
244847,Kenneth,2
104927,Kenneth,3
1562870,Kenneth,2
967060,Kenneth,1
148537,Kenneth,4
260775,Kenneth,2
5280788,Kenneth,2
502413,Kenneth,4
371636,Kenneth,4
1809195,Kenneth,5
2130022,Kenneth,2
419815,Kenneth,3
2187105,Kenneth,1
6610020,Kenneth,5
642381,Kenneth,1
288320,Kenneth,1
2932788,Kenneth,4
2912226,Kenneth,5
559276,Kenneth,1
3295276,Kenneth,1
4138326,Kenneth,3
660187,Kenneth,3
1634540,Kenneth,3
110912,Kenneth,5
105236,Kenneth,5
2897196,Betty,4
1329338,Betty,2
7065882,Betty,3
1615477,Betty,4
2316564,Betty,1
174856,Betty,4
244847,Betty,5
104927,Betty,2
1562870,Betty,1
967060,Betty,4
148537,Betty,5
260775,Betty,5
5280788,Betty,1
502413,Betty,4
371636,Betty,3
1809195,Betty,4
2130022,Betty,5
419815,Betty,3
2187105,Betty,1
6610020,Betty,3
642381,Betty,5
288320,Betty,4
2932788,Betty,3
2912226,Betty,1
559276,Betty,3
3295276,Betty,5
4138326,Betty,5
660187,Betty,4
1634540,Betty,4
2897196,William,5
1329338,William,2
7065882,William,2
1615477,William,4
2316564,William,5
174856,William,5
244847,William,1
104927,William,1
1562870,William,3
967060,William,5
148537,William,3
260775,William,1
5280788,William,1
502413,William,4
371636,William,2
1809195,William,3
2130022,William,5
419815,William,2
2187105,William,4
6610020,William,4
642381,William,3
288320,William,1
2932788,William,4
2912226,William,1
559276,William,2
3295276,William,3
4138326,William,5
660187,William,1
1634540,William,5
110912,William,2
2897196,Joseph,4
1329338,Joseph,3
7065882,Joseph,3
1615477,Joseph,5
2316564,Joseph,5
174856,Joseph,1
244847,Joseph,4
104927,Joseph,3
1562870,Joseph,1
967060,Joseph,4
148537,Joseph,1
260775,Joseph,4
5280788,Joseph,5
502413,Joseph,3
371636,Joseph,1
1809195,Joseph,2
2130022,Joseph,4
419815,Joseph,1
2187105,Joseph,4
6610020,Joseph,1
642381,Joseph,3
288320,Joseph,2
2932788,Joseph,1
2912226,Joseph,2
559276,Joseph,1
3295276,Joseph,3
4138326,Joseph,5
660187,Joseph,2
1634540,Joseph,5
110912,Joseph,4
105236,Joseph,5
116367,Joseph,4
1028528,Joseph,3
3460252,Joseph,5
361748,Joseph,1
119396,Joseph,3
111161,Joseph,2
68646,Joseph,5
2897196,Michael,1
1329338,Michael,1
7065882,Michael,5
1615477,Michael,3
2316564,Michael,1
174856,Michael,1
244847,Michael,4
104927,Michael,3
1562870,Michael,1
967060,Michael,1
148537,Michael,1
260775,Michael,1
5280788,Michael,2
502413,Michael,1
371636,Michael,2
1809195,Michael,2
2130022,Michael,1
419815,Michael,2
2187105,Michael,2
6610020,Michael,2
642381,Michael,2
288320,Michael,4
2932788,Michael,2
2912226,Michael,5
559276,Michael,1
3295276,Michael,5
4138326,Michael,3
2897196,Ernest,4
1329338,Ernest,1
7065882,Ernest,5
1615477,Ernest,1
2316564,Ernest,3
174856,Ernest,1
244847,Ernest,3
104927,Ernest,3
1562870,Ernest,3
967060,Ernest,5
148537,Ernest,5
260775,Ernest,5
5280788,Ernest,3
502413,Ernest,2
371636,Ernest,4
1809195,Ernest,1
2130022,Ernest,3
419815,Ernest,1
2187105,Ernest,3
6610020,Ernest,4
642381,Ernest,5
288320,Ernest,2
2932788,Ernest,2
2912226,Ernest,3
559276,Ernest,4
3295276,Ernest,3
4138326,Ernest,5
660187,Ernest,3
1634540,Ernest,5
110912,Ernest,2
105236,Ernest,3
116367,Ernest,1
1028528,Ernest,2
3460252,Ernest,3
361748,Ernest,1
119396,Ernest,1
2897196,Monica,1
1329338,Monica,1
7065882,Monica,2
1615477,Monica,2
2316564,Monica,1
174856,Monica,2
244847,Monica,4
104927,Monica,4
1562870,Monica,1
967060,Monica,2
148537,Monica,1
260775,Monica,2
5280788,Monica,3
502413,Monica,4
371636,Monica,1
1809195,Monica,4
2130022,Monica,1
419815,Monica,5
2187105,Monica,3
6610020,Monica,3
642381,Monica,4
288320,Monica,1
2932788,Monica,4
2912226,Monica,2
559276,Monica,1
3295276,Monica,5
4138326,Monica,1
660187,Monica,2
1634540,Monica,3
110912,Monica,2
105236,Monica,4
116367,Monica,3
1028528,Monica,5
3460252,Monica,3
361748,Monica,2
119396,Monica,1
111161,Monica,1
2897196,Jeffrey,3
1329338,Jeffrey,2
7065882,Jeffrey,2
1615477,Jeffrey,2
2316564,Jeffrey,5
174856,Jeffrey,1
244847,Jeffrey,5
104927,Jeffrey,1
1562870,Jeffrey,5
967060,Jeffrey,2
148537,Jeffrey,2
260775,Jeffrey,2
5280788,Jeffrey,3
502413,Jeffrey,5
371636,Jeffrey,3
1809195,Jeffrey,1
2130022,Jeffrey,4
419815,Jeffrey,2
2187105,Jeffrey,2
6610020,Jeffrey,2
642381,Jeffrey,4
288320,Jeffrey,1
2932788,Jeffrey,2
2912226,Jeffrey,5
559276,Jeffrey,2
3295276,Jeffrey,3
4138326,Jeffrey,5
660187,Jeffrey,1
1634540,Jeffrey,3
110912,Jeffrey,5
2897196,Justin,2
1329338,Justin,5
7065882,Justin,5
1615477,Justin,4
2316564,Justin,3
174856,Justin,3
244847,Justin,3
104927,Justin,5
1562870,Justin,4
967060,Justin,5
148537,Justin,1
260775,Justin,2
5280788,Justin,1
502413,Justin,2
371636,Justin,3
1809195,Justin,3
2130022,Justin,5
419815,Justin,5
2187105,Justin,2
6610020,Justin,2
642381,Justin,2
288320,Justin,4
2932788,Justin,2
2912226,Justin,4
559276,Justin,4
3295276,Justin,5
4138326,Justin,4
660187,Justin,4
1634540,Justin,1
110912,Justin,1
105236,Justin,2
116367,Justin,1
1028528,Justin,3
3460252,Justin,3
2897196,Samantha,1
1329338,Samantha,1
7065882,Samantha,4
1615477,Samantha,4
2316564,Samantha,2
174856,Samantha,2
244847,Samantha,3
104927,Samantha,1
1562870,Samantha,2
967060,Samantha,5
148537,Samantha,4
260775,Samantha,4
5280788,Samantha,5
502413,Samantha,5
371636,Samantha,4
1809195,Samantha,5
2130022,Samantha,1
419815,Samantha,3
2187105,Samantha,3
6610020,Samantha,3
642381,Samantha,2
288320,Samantha,3
2932788,Samantha,2
2912226,Samantha,1
559276,Samantha,1
3295276,Samantha,5
4138326,Samantha,4
660187,Samantha,3
1634540,Samantha,1
110912,Samantha,5
105236,Samantha,4
116367,Samantha,1
1028528,Samantha,3
3460252,Samantha,3
361748,Samantha,4
119396,Samantha,5
111161,Samantha,5
2897196,John,4
1329338,John,1
7065882,John,3
1615477,John,2
2316564,John,3
174856,John,1
244847,John,4
104927,John,3
1562870,John,1
967060,John,2
148537,John,3
260775,John,2
5280788,John,1
502413,John,1
371636,John,4
1809195,John,1
2130022,John,2
419815,John,1
2187105,John,5
6610020,John,4
642381,John,5
288320,John,2
2932788,John,5
2912226,John,2
559276,John,3
3295276,John,4
4138326,John,4
660187,John,3
1634540,John,3
110912,John,5
105236,John,1
2897196,Nina,4
1329338,Nina,3
7065882,Nina,1
1615477,Nina,1
2316564,Nina,4
174856,Nina,5
244847,Nina,3
104927,Nina,4
1562870,Nina,5
967060,Nina,1
148537,Nina,5
260775,Nina,1
5280788,Nina,4
502413,Nina,1
371636,Nina,5
1809195,Nina,2
2130022,Nina,3
419815,Nina,3
2187105,Nina,2
6610020,Nina,1
642381,Nina,1
288320,Nina,2
2932788,Nina,4
2912226,Nina,1
559276,Nina,5
3295276,Nina,5
2897196,Ruth,1
1329338,Ruth,3
7065882,Ruth,4
1615477,Ruth,5
2316564,Ruth,5
174856,Ruth,4
244847,Ruth,4
104927,Ruth,4
1562870,Ruth,2
967060,Ruth,5
148537,Ruth,3
260775,Ruth,5
5280788,Ruth,3
502413,Ruth,2
371636,Ruth,4
1809195,Ruth,5
2130022,Ruth,5
419815,Ruth,1
2187105,Ruth,3
6610020,Ruth,1
642381,Ruth,4
288320,Ruth,3
2932788,Ruth,2
2912226,Ruth,3
559276,Ruth,5
3295276,Ruth,3
4138326,Ruth,5
660187,Ruth,4
1634540,Ruth,4
110912,Ruth,2
105236,Ruth,2
116367,Ruth,1
1028528,Ruth,2
3460252,Ruth,5
361748,Ruth,5
2897196,Gail,4
1329338,Gail,5
7065882,Gail,2
1615477,Gail,1
2316564,Gail,5
174856,Gail,5
244847,Gail,4
104927,Gail,4
1562870,Gail,3
967060,Gail,5
148537,Gail,1
260775,Gail,3
5280788,Gail,4
502413,Gail,4
371636,Gail,5
4138326,Gail,5
0361748,Gail,5
0111161,Gail,5
0068646,Gail,5
1809195,Gail,2
2130022,Gail,3
419815,Gail,1
2187105,Gail,2
6610020,Gail,5
642381,Gail,3
288320,Gail,3
2932788,Gail,3
2912226,Gail,2
559276,Gail,1
3295276,Gail,1
2897196,Luke,3
1329338,Luke,3
7065882,Luke,5
1615477,Luke,4
2316564,Luke,2
174856,Luke,4
244847,Luke,1
104927,Luke,3
1562870,Luke,5
967060,Luke,5
148537,Luke,3
260775,Luke,1
5280788,Luke,3
502413,Luke,3
371636,Luke,3
1809195,Luke,5
2130022,Luke,2
419815,Luke,5
2187105,Luke,3
6610020,Luke,2
642381,Luke,1
288320,Luke,4
2932788,Luke,2
2912226,Luke,1
559276,Luke,5
3295276,Luke,1
4138326,Luke,4
660187,Luke,5
1634540,Luke,4
110912,Luke,3
2897196,Pamela,1
1329338,Pamela,1
7065882,Pamela,2
1615477,Pamela,1
2316564,Pamela,3
174856,Pamela,4
244847,Pamela,3
104927,Pamela,5
1562870,Pamela,1
967060,Pamela,2
148537,Pamela,1
260775,Pamela,4
5280788,Pamela,3
502413,Pamela,1
371636,Pamela,4
1809195,Pamela,2
2130022,Pamela,2
419815,Pamela,5
2187105,Pamela,1
6610020,Pamela,3
642381,Pamela,4
288320,Pamela,2
2932788,Pamela,3
2912226,Pamela,2
559276,Pamela,1
3295276,Pamela,4
4138326,Pamela,3
660187,Pamela,1
1634540,Pamela,2
110912,Pamela,3
105236,Pamela,5
116367,Pamela,5
1028528,Pamela,4
3460252,Pamela,2
2897196,Francesco,5
1329338,Francesco,3
7065882,Francesco,3
1615477,Francesco,1
2316564,Francesco,4
174856,Francesco,3
244847,Francesco,3
104927,Francesco,3
1562870,Francesco,3
967060,Francesco,1
148537,Francesco,3
260775,Francesco,3
5280788,Francesco,3
502413,Francesco,3
371636,Francesco,1
1809195,Francesco,2
2130022,Francesco,4
419815,Francesco,3
2187105,Francesco,1
6610020,Francesco,2
642381,Francesco,4
288320,Francesco,4
2932788,Francesco,4
2912226,Francesco,2
559276,Francesco,1
3295276,Francesco,3
4138326,Francesco,2
660187,Francesco,3
2897196,Jennifer,2
1329338,Jennifer,3
7065882,Jennifer,5
1615477,Jennifer,5
2316564,Jennifer,2
174856,Jennifer,2
244847,Jennifer,4
104927,Jennifer,5
1562870,Jennifer,3
967060,Jennifer,1
148537,Jennifer,2
260775,Jennifer,4
5280788,Jennifer,2
502413,Jennifer,4
371636,Jennifer,1
1809195,Jennifer,1
2130022,Jennifer,4
419815,Jennifer,2
2187105,Jennifer,3
6610020,Jennifer,3
642381,Jennifer,5
288320,Jennifer,1
2932788,Jennifer,3
2912226,Jennifer,3
559276,Jennifer,4
3295276,Jennifer,3
4138326,Jennifer,4
660187,Jennifer,4
1634540,Jennifer,5
110912,Jennifer,4
105236,Jennifer,4
116367,Jennifer,3
1028528,Jennifer,1
3460252,Jennifer,1
2897196,Tracie,2
1329338,Tracie,1
7065882,Tracie,1
1615477,Tracie,2
2316564,Tracie,3
174856,Tracie,2
244847,Tracie,4
104927,Tracie,4
1562870,Tracie,4
967060,Tracie,2
148537,Tracie,2
260775,Tracie,4
5280788,Tracie,1
502413,Tracie,2
371636,Tracie,1
1809195,Tracie,2
2130022,Tracie,1
419815,Tracie,2
2187105,Tracie,2
6610020,Tracie,3
642381,Tracie,2
288320,Tracie,3
2932788,Tracie,4
2912226,Tracie,5
559276,Tracie,1
3295276,Tracie,4
4138326,Tracie,3
660187,Tracie,5
1634540,Tracie,3
110912,Tracie,3
2897196,Nettie,5
1329338,Nettie,4
7065882,Nettie,5
1615477,Nettie,4
2316564,Nettie,5
174856,Nettie,1
244847,Nettie,4
104927,Nettie,1
1562870,Nettie,5
967060,Nettie,2
148537,Nettie,5
260775,Nettie,3
5280788,Nettie,4
502413,Nettie,1
371636,Nettie,4
1809195,Nettie,4
2130022,Nettie,3
419815,Nettie,1
2187105,Nettie,5
6610020,Nettie,2
642381,Nettie,2
288320,Nettie,3
2932788,Nettie,5
2912226,Nettie,3
559276,Nettie,2
3295276,Nettie,3
4138326,Nettie,1
2897196,Morgan,4
1329338,Morgan,2
7065882,Morgan,4
1615477,Morgan,4
2316564,Morgan,1
174856,Morgan,5
244847,Morgan,1
104927,Morgan,3
1562870,Morgan,3
967060,Morgan,1
148537,Morgan,5
260775,Morgan,3
5280788,Morgan,2
502413,Morgan,2
371636,Morgan,3
1809195,Morgan,4
2130022,Morgan,5
419815,Morgan,5
2187105,Morgan,1
6610020,Morgan,3
642381,Morgan,2
288320,Morgan,2
2932788,Morgan,2
2912226,Morgan,4
559276,Morgan,4
3295276,Morgan,1
4138326,Morgan,4
660187,Morgan,2
1634540,Morgan,3
110912,Morgan,1
105236,Morgan,5
116367,Morgan,3
1028528,Morgan,3
3460252,Morgan,5
361748,Morgan,4
119396,Morgan,2
111161,Morgan,5
68646,Morgan,2
2897196,Zoraida,3
1329338,Zoraida,1
7065882,Zoraida,4
1615477,Zoraida,5
2316564,Zoraida,1
174856,Zoraida,2
244847,Zoraida,5
104927,Zoraida,4
1562870,Zoraida,4
967060,Zoraida,3
148537,Zoraida,1
260775,Zoraida,1
5280788,Zoraida,2
502413,Zoraida,1
371636,Zoraida,2
1809195,Zoraida,3
2130022,Zoraida,5
419815,Zoraida,2
2187105,Zoraida,4
6610020,Zoraida,1
642381,Zoraida,3
288320,Zoraida,2
2932788,Zoraida,1
2912226,Zoraida,2
559276,Zoraida,4
3295276,Zoraida,4
4138326,Zoraida,1
660187,Zoraida,5
2897196,Ernestine,1
1329338,Ernestine,5
7065882,Ernestine,2
1615477,Ernestine,1
2316564,Ernestine,2
174856,Ernestine,3
244847,Ernestine,4
104927,Ernestine,3
1562870,Ernestine,3
967060,Ernestine,5
148537,Ernestine,3
260775,Ernestine,4
5280788,Ernestine,1
502413,Ernestine,2
371636,Ernestine,5
1809195,Ernestine,4
2130022,Ernestine,5
419815,Ernestine,3
2187105,Ernestine,1
6610020,Ernestine,1
642381,Ernestine,2
288320,Ernestine,1
2932788,Ernestine,1
2912226,Ernestine,1
559276,Ernestine,1
3295276,Ernestine,2
4138326,Ernestine,5
660187,Ernestine,5
2897196,Tim,1
1329338,Tim,4
7065882,Tim,3
1615477,Tim,3
2316564,Tim,4
174856,Tim,1
244847,Tim,4
104927,Tim,4
1562870,Tim,1
967060,Tim,5
148537,Tim,4
260775,Tim,4
5280788,Tim,5
502413,Tim,3
371636,Tim,1
1809195,Tim,1
2130022,Tim,3
419815,Tim,3
2187105,Tim,3
6610020,Tim,3
642381,Tim,3
288320,Tim,2
2932788,Tim,3
2912226,Tim,5
559276,Tim,1
2897196,Eugene,1
1329338,Eugene,4
7065882,Eugene,2
1615477,Eugene,1
2316564,Eugene,1
174856,Eugene,5
244847,Eugene,3
104927,Eugene,3
1562870,Eugene,5
967060,Eugene,4
148537,Eugene,4
260775,Eugene,2
5280788,Eugene,5
502413,Eugene,2
371636,Eugene,5
1809195,Eugene,3
2130022,Eugene,3
419815,Eugene,5
2187105,Eugene,2
6610020,Eugene,1
642381,Eugene,5
288320,Eugene,4
2932788,Eugene,2
2912226,Eugene,3
559276,Eugene,5
3295276,Eugene,2
4138326,Eugene,4
660187,Eugene,2
1634540,Eugene,5
110912,Eugene,5
105236,Eugene,5
116367,Eugene,1
1028528,Eugene,5
3460252,Eugene,2
2897196,Sherry,2
1329338,Sherry,5
7065882,Sherry,1
1615477,Sherry,2
2316564,Sherry,1
174856,Sherry,4
244847,Sherry,4
104927,Sherry,4
1562870,Sherry,5
967060,Sherry,1
148537,Sherry,4
260775,Sherry,4
5280788,Sherry,2
502413,Sherry,2
371636,Sherry,4
1809195,Sherry,4
2130022,Sherry,5
419815,Sherry,3
2187105,Sherry,2
6610020,Sherry,2
642381,Sherry,1
288320,Sherry,4
2932788,Sherry,3
2912226,Sherry,1
559276,Sherry,3
3295276,Sherry,2
2897196,Brandon,4
1329338,Brandon,3
7065882,Brandon,3
1615477,Brandon,2
2316564,Brandon,5
174856,Brandon,3
244847,Brandon,3
104927,Brandon,2
1562870,Brandon,3
967060,Brandon,5
148537,Brandon,4
260775,Brandon,1
5280788,Brandon,4
502413,Brandon,1
371636,Brandon,4
1809195,Brandon,1
2130022,Brandon,5
419815,Brandon,5
2187105,Brandon,3
6610020,Brandon,1
642381,Brandon,1
288320,Brandon,1
2932788,Brandon,3
2912226,Brandon,4
559276,Brandon,2
3295276,Brandon,1
4138326,Brandon,5
660187,Brandon,2
1634540,Brandon,3
110912,Brandon,4
2897196,Mary,3
1329338,Mary,1
7065882,Mary,4
1615477,Mary,1
2316564,Mary,5
174856,Mary,3
244847,Mary,5
104927,Mary,1
1562870,Mary,3
967060,Mary,1
148537,Mary,5
260775,Mary,1
5280788,Mary,2
502413,Mary,4
371636,Mary,1
1809195,Mary,5
2130022,Mary,1
419815,Mary,4
2187105,Mary,2
6610020,Mary,1
642381,Mary,4
288320,Mary,3
2932788,Mary,1
2912226,Mary,5
559276,Mary,4
3295276,Mary,5
4138326,Mary,5
660187,Mary,2
1634540,Mary,1
110912,Mary,4
105236,Mary,1
116367,Mary,2
1028528,Mary,2
3460252,Mary,3
2897196,Heather,3
1329338,Heather,5
7065882,Heather,4
1615477,Heather,3
2316564,Heather,4
174856,Heather,2
244847,Heather,3
104927,Heather,3
1562870,Heather,2
967060,Heather,2
148537,Heather,3
260775,Heather,2
5280788,Heather,5
502413,Heather,2
371636,Heather,1
1809195,Heather,3
2130022,Heather,2
419815,Heather,5
2187105,Heather,3
6610020,Heather,4
642381,Heather,5
288320,Heather,5
2932788,Heather,5
2912226,Heather,2
559276,Heather,3
3295276,Heather,3
4138326,Heather,2
660187,Heather,1
1634540,Heather,5
110912,Heather,1
105236,Heather,3
116367,Heather,1
1028528,Heather,3
3460252,Heather,2
361748,Heather,5
119396,Heather,1
111161,Heather,4
2897196,Tamara,5
1329338,Tamara,4
7065882,Tamara,4
1615477,Tamara,4
2316564,Tamara,1
174856,Tamara,1
244847,Tamara,5
104927,Tamara,2
1562870,Tamara,5
967060,Tamara,4
148537,Tamara,3
260775,Tamara,3
5280788,Tamara,3
502413,Tamara,1
371636,Tamara,5
1809195,Tamara,2
2130022,Tamara,4
419815,Tamara,2
2187105,Tamara,2
6610020,Tamara,4
642381,Tamara,5
288320,Tamara,4
2932788,Tamara,1
2912226,Tamara,5
559276,Tamara,3
3295276,Tamara,3
4138326,Tamara,5
660187,Tamara,4
1634540,Tamara,3
110912,Tamara,4
2897196,Katrina,4
1329338,Katrina,2
7065882,Katrina,5
1615477,Katrina,5
2316564,Katrina,1
174856,Katrina,1
244847,Katrina,1
104927,Katrina,2
1562870,Katrina,4
967060,Katrina,2
148537,Katrina,2
260775,Katrina,5
5280788,Katrina,3
502413,Katrina,1
371636,Katrina,5
1809195,Katrina,3
2130022,Katrina,1
419815,Katrina,5
2187105,Katrina,5
6610020,Katrina,1
642381,Katrina,3
288320,Katrina,5
2932788,Katrina,4
2912226,Katrina,1
559276,Katrina,5
3295276,Katrina,2
4138326,Katrina,3
660187,Katrina,4
1634540,Katrina,1
110912,Katrina,3
105236,Katrina,2
116367,Katrina,3
1028528,Katrina,2
3460252,Katrina,3
361748,Katrina,3
119396,Katrina,1
111161,Katrina,4
68646,Katrina,5
2897196,Luz,5
1329338,Luz,3
7065882,Luz,2
1615477,Luz,4
2316564,Luz,3
174856,Luz,1
244847,Luz,1
104927,Luz,3
1562870,Luz,4
967060,Luz,5
148537,Luz,3
260775,Luz,2
5280788,Luz,5
502413,Luz,2
371636,Luz,3
1809195,Luz,3
2130022,Luz,2
419815,Luz,3
2187105,Luz,3
6610020,Luz,1
642381,Luz,4
288320,Luz,5
2932788,Luz,5
2912226,Luz,2
559276,Luz,2
3295276,Luz,5
4138326,Luz,4
660187,Luz,2
1634540,Luz,1
110912,Luz,5
105236,Luz,3
116367,Luz,4
2897196,Pablo,4
1329338,Pablo,2
7065882,Pablo,2
1615477,Pablo,3
2316564,Pablo,4
174856,Pablo,5
244847,Pablo,4
104927,Pablo,2
1562870,Pablo,2
967060,Pablo,2
148537,Pablo,5
260775,Pablo,1
5280788,Pablo,2
502413,Pablo,5
371636,Pablo,1
1809195,Pablo,5
2130022,Pablo,2
419815,Pablo,5
2187105,Pablo,3
6610020,Pablo,4
642381,Pablo,4
288320,Pablo,2
2932788,Pablo,4
2912226,Pablo,4
559276,Pablo,5
3295276,Pablo,4
4138326,Pablo,4
660187,Pablo,3
1634540,Pablo,2
110912,Pablo,5
2897196,Bessie,1
1329338,Bessie,3
7065882,Bessie,3
1615477,Bessie,5
2316564,Bessie,4
174856,Bessie,3
244847,Bessie,4
104927,Bessie,5
1562870,Bessie,4
967060,Bessie,2
148537,Bessie,1
260775,Bessie,5
5280788,Bessie,1
502413,Bessie,2
371636,Bessie,2
1809195,Bessie,1
2130022,Bessie,5
419815,Bessie,3
2187105,Bessie,5
6610020,Bessie,1
642381,Bessie,3
288320,Bessie,4
2932788,Bessie,2
2912226,Bessie,2
559276,Bessie,3
3295276,Bessie,4
2897196,Ryan,4
1329338,Ryan,3
7065882,Ryan,3
1615477,Ryan,2
2316564,Ryan,2
174856,Ryan,1
244847,Ryan,5
104927,Ryan,4
1562870,Ryan,2
967060,Ryan,5
148537,Ryan,4
260775,Ryan,4
5280788,Ryan,1
502413,Ryan,4
371636,Ryan,4
1809195,Ryan,5
2130022,Ryan,3
419815,Ryan,1
2187105,Ryan,5
6610020,Ryan,5
642381,Ryan,5
288320,Ryan,1
2932788,Ryan,1
2912226,Ryan,4
559276,Ryan,1
3295276,Ryan,1
4138326,Ryan,5
660187,Ryan,2
1634540,Ryan,2
110912,Ryan,3
2897196,Jesus,3
1329338,Jesus,2
7065882,Jesus,2
1615477,Jesus,3
2316564,Jesus,3
174856,Jesus,1
244847,Jesus,1
104927,Jesus,5
1562870,Jesus,3
967060,Jesus,1
148537,Jesus,1
260775,Jesus,3
5280788,Jesus,3
502413,Jesus,5
371636,Jesus,4
1809195,Jesus,1
2130022,Jesus,4
419815,Jesus,4
2187105,Jesus,4
6610020,Jesus,5
642381,Jesus,1
288320,Jesus,2
2932788,Jesus,3
2912226,Jesus,2
559276,Jesus,5
3295276,Jesus,3
4138326,Jesus,1
2897196,Kristin,1
1329338,Kristin,3
7065882,Kristin,2
1615477,Kristin,3
2316564,Kristin,4
174856,Kristin,5
244847,Kristin,5
104927,Kristin,5
1562870,Kristin,3
967060,Kristin,3
148537,Kristin,4
260775,Kristin,2
5280788,Kristin,2
502413,Kristin,5
371636,Kristin,3
1809195,Kristin,3
2130022,Kristin,2
419815,Kristin,4
2187105,Kristin,3
6610020,Kristin,2
642381,Kristin,2
288320,Kristin,1
2932788,Kristin,4
2912226,Kristin,3
559276,Kristin,2
3295276,Kristin,2
4138326,Kristin,1
660187,Kristin,1
1634540,Kristin,1
110912,Kristin,1
2897196,Dorothy,5
1329338,Dorothy,5
7065882,Dorothy,2
1615477,Dorothy,5
2316564,Dorothy,2
174856,Dorothy,3
244847,Dorothy,2
104927,Dorothy,1
1562870,Dorothy,4
967060,Dorothy,5
148537,Dorothy,1
260775,Dorothy,4
5280788,Dorothy,1
502413,Dorothy,4
371636,Dorothy,5
1809195,Dorothy,1
2130022,Dorothy,3
419815,Dorothy,2
2187105,Dorothy,3
6610020,Dorothy,2
642381,Dorothy,1
288320,Dorothy,4
2932788,Dorothy,1
2912226,Dorothy,5
559276,Dorothy,5
3295276,Dorothy,1
4138326,Dorothy,4
660187,Dorothy,1
1634540,Dorothy,5
110912,Dorothy,3
105236,Dorothy,2
116367,Dorothy,2
2897196,Gloria,5
1329338,Gloria,3
7065882,Gloria,1
1615477,Gloria,2
2316564,Gloria,4
174856,Gloria,1
244847,Gloria,2
104927,Gloria,5
1562870,Gloria,3
967060,Gloria,2
148537,Gloria,4
260775,Gloria,5
5280788,Gloria,5
502413,Gloria,3
371636,Gloria,1
419815,Gloria,2
2187105,Gloria,4
6610020,Gloria,1
642381,Gloria,2
288320,Gloria,3
2932788,Gloria,3
2912226,Gloria,1
559276,Gloria,1
3295276,Gloria,2
4138326,Gloria,1
660187,Gloria,1
1634540,Gloria,1
110912,Gloria,1
105236,Gloria,3
116367,Gloria,2
1028528,Gloria,5
3460252,Gloria,4
361748,Gloria,1
119396,Gloria,1
2897196,Ronald,1
1329338,Ronald,1
7065882,Ronald,4
1615477,Ronald,3
2316564,Ronald,4
174856,Ronald,1
244847,Ronald,2
104927,Ronald,4
1562870,Ronald,5
967060,Ronald,3
148537,Ronald,4
260775,Ronald,2
5280788,Ronald,4
502413,Ronald,2
371636,Ronald,4
1809195,Ronald,5
2130022,Ronald,4
419815,Ronald,2
2187105,Ronald,5
6610020,Ronald,2
642381,Ronald,2
288320,Ronald,4
2932788,Ronald,1
2912226,Ronald,2
559276,Ronald,2
0111161,Ronald,2
3295276,Ronald,3
4138326,Ronald,1
660187,Ronald,5
0361748,Ronald,1
1634540,Ronald,3
110912,Ronald,5
105236,Ronald,5
116367,Ronald,4
1028528,Ronald,2
2897196,Lakisha,2
1329338,Lakisha,5
7065882,Lakisha,1
1615477,Lakisha,5
2316564,Lakisha,2
174856,Lakisha,2
244847,Lakisha,2
104927,Lakisha,1
1562870,Lakisha,3
967060,Lakisha,1
148537,Lakisha,4
0111161,Lakisha,2
0361748,Lakisha,1
260775,Lakisha,1
5280788,Lakisha,1
502413,Lakisha,2
371636,Lakisha,2
1809195,Lakisha,2
2130022,Lakisha,3
419815,Lakisha,4
2187105,Lakisha,3
6610020,Lakisha,2
642381,Lakisha,1
288320,Lakisha,1
2932788,Lakisha,5
2912226,Lakisha,1
559276,Lakisha,2
3295276,Lakisha,1
4138326,Lakisha,1
660187,Lakisha,1
1634540,Lakisha,3
110912,Lakisha,5
2897196,Melissa,5
1329338,Melissa,5
7065882,Melissa,3
1615477,Melissa,5
2316564,Melissa,1
174856,Melissa,5
244847,Melissa,1
104927,Melissa,5
1562870,Melissa,2
967060,Melissa,3
148537,Melissa,2
260775,Melissa,4
5280788,Melissa,5
502413,Melissa,4
371636,Melissa,2
1809195,Melissa,2
2130022,Melissa,1
419815,Melissa,1
2187105,Melissa,1
6610020,Melissa,2
642381,Melissa,2
288320,Melissa,1
2932788,Melissa,5
2912226,Melissa,4
559276,Melissa,3
3295276,Melissa,1
4138326,Melissa,4
660187,Melissa,4
1634540,Melissa,5
110912,Melissa,4
105236,Melissa,1
116367,Melissa,5
2897196,Lindsey,1
1329338,Lindsey,4
7065882,Lindsey,2
1615477,Lindsey,4
2316564,Lindsey,4
174856,Lindsey,2
244847,Lindsey,1
104927,Lindsey,1
1562870,Lindsey,1
967060,Lindsey,2
148537,Lindsey,2
260775,Lindsey,5
5280788,Lindsey,1
502413,Lindsey,1
371636,Lindsey,1
1809195,Lindsey,2
2130022,Lindsey,4
419815,Lindsey,3
2187105,Lindsey,5
6610020,Lindsey,1
642381,Lindsey,4
288320,Lindsey,2
2932788,Lindsey,3
2912226,Lindsey,4
559276,Lindsey,5
3295276,Lindsey,1
4138326,Lindsey,1
660187,Lindsey,4
1634540,Lindsey,2
110912,Lindsey,2
105236,Lindsey,2
116367,Lindsey,2
1028528,Lindsey,3
3460252,Lindsey,3
361748,Lindsey,5
119396,Lindsey,2
111161,Lindsey,3
68646,Lindsey,5
2897196,Clinton,2
1329338,Clinton,3
7065882,Clinton,3
1615477,Clinton,2
2316564,Clinton,5
174856,Clinton,2
244847,Clinton,5
104927,Clinton,2
1562870,Clinton,3
967060,Clinton,4
148537,Clinton,1
260775,Clinton,5
5280788,Clinton,2
502413,Clinton,1
371636,Clinton,3
1809195,Clinton,3
2130022,Clinton,3
419815,Clinton,5
2187105,Clinton,3
6610020,Clinton,1
642381,Clinton,3
288320,Clinton,4
2932788,Clinton,5
2912226,Clinton,1
559276,Clinton,5
3295276,Clinton,5
4138326,Clinton,5
660187,Clinton,1
1634540,Clinton,1
110912,Clinton,3
2897196,Lydia,1
1329338,Lydia,3
7065882,Lydia,4
1615477,Lydia,5
2316564,Lydia,4
174856,Lydia,5
244847,Lydia,4
104927,Lydia,4
1562870,Lydia,2
967060,Lydia,5
148537,Lydia,3
260775,Lydia,5
5280788,Lydia,4
502413,Lydia,5
371636,Lydia,2
1809195,Lydia,3
2130022,Lydia,4
419815,Lydia,3
2187105,Lydia,3
6610020,Lydia,2
642381,Lydia,3
288320,Lydia,2
2932788,Lydia,3
2912226,Lydia,4
559276,Lydia,3
2897196,Mark,4
1329338,Mark,5
7065882,Mark,2
1615477,Mark,4
2316564,Mark,5
174856,Mark,5
244847,Mark,2
104927,Mark,4
1562870,Mark,3
967060,Mark,1
148537,Mark,2
260775,Mark,5
5280788,Mark,4
502413,Mark,3
371636,Mark,5
1809195,Mark,2
2130022,Mark,4
419815,Mark,1
2187105,Mark,2
6610020,Mark,1
642381,Mark,4
288320,Mark,2
2932788,Mark,2
2912226,Mark,2
559276,Mark,4
3295276,Mark,2
4138326,Mark,3
660187,Mark,4
1634540,Mark,3
110912,Mark,3
105236,Mark,4
116367,Mark,3
1028528,Mark,1
3460252,Mark,5
361748,Mark,1
119396,Mark,5
111161,Mark,3
2897196,Janice,3
1329338,Janice,1
7065882,Janice,5
1615477,Janice,4
2316564,Janice,3
174856,Janice,2
244847,Janice,2
104927,Janice,3
1562870,Janice,4
967060,Janice,4
148537,Janice,1
260775,Janice,2
5280788,Janice,3
502413,Janice,5
371636,Janice,3
1809195,Janice,5
2130022,Janice,5
419815,Janice,4
2187105,Janice,2
6610020,Janice,5
642381,Janice,3
288320,Janice,3
2932788,Janice,2
2912226,Janice,5
559276,Janice,3
3295276,Janice,1
4138326,Janice,3
660187,Janice,3
1634540,Janice,4
110912,Janice,5
2897196,Ola,2
1329338,Ola,5
7065882,Ola,1
1615477,Ola,4
2316564,Ola,4
174856,Ola,1
244847,Ola,5
104927,Ola,4
1562870,Ola,4
967060,Ola,1
148537,Ola,5
260775,Ola,5
5280788,Ola,4
502413,Ola,3
371636,Ola,2
1809195,Ola,3
2130022,Ola,5
419815,Ola,3
2187105,Ola,5
6610020,Ola,5
642381,Ola,5
288320,Ola,3
2932788,Ola,2
2912226,Ola,1
559276,Ola,5
3295276,Ola,1
4138326,Ola,3
660187,Ola,5
1634540,Ola,5
110912,Ola,2
2897196,James,1
1329338,James,4
7065882,James,2
1615477,James,1
2316564,James,3
174856,James,5
244847,James,2
104927,James,5
1562870,James,4
967060,James,2
148537,James,5
260775,James,5
5280788,James,1
502413,James,5
371636,James,1
1809195,James,4
2130022,James,3
419815,James,2
2187105,James,2
6610020,James,4
642381,James,1
288320,James,5
2932788,James,4
2912226,James,5
559276,James,2
3295276,James,2
4138326,James,1
660187,James,1
1634540,James,1
110912,James,5
105236,James,2
116367,James,2
1028528,James,1
3460252,James,1
361748,James,4
119396,James,3
2897196,Marissa,4
1329338,Marissa,5
7065882,Marissa,3
1615477,Marissa,5
2316564,Marissa,4
174856,Marissa,1
244847,Marissa,4
104927,Marissa,2
1562870,Marissa,1
967060,Marissa,1
148537,Marissa,2
260775,Marissa,1
5280788,Marissa,4
502413,Marissa,2
371636,Marissa,4
1809195,Marissa,4
2130022,Marissa,4
419815,Marissa,2
2187105,Marissa,3
6610020,Marissa,1
642381,Marissa,3
288320,Marissa,1
2932788,Marissa,2
2912226,Marissa,4
559276,Marissa,1
3295276,Marissa,3
4138326,Marissa,3
660187,Marissa,4
1634540,Marissa,5
110912,Marissa,5
2897196,Joshua,1
1329338,Joshua,3
7065882,Joshua,5
1615477,Joshua,1
2316564,Joshua,5
174856,Joshua,3
244847,Joshua,5
104927,Joshua,1
1562870,Joshua,5
967060,Joshua,5
148537,Joshua,1
260775,Joshua,4
5280788,Joshua,4
502413,Joshua,2
371636,Joshua,3
1809195,Joshua,5
2130022,Joshua,1
419815,Joshua,1
2187105,Joshua,3
6610020,Joshua,4
642381,Joshua,4
288320,Joshua,4
2932788,Joshua,5
2912226,Joshua,5
559276,Joshua,5
3295276,Joshua,2
4138326,Joshua,4
660187,Joshua,2
1634540,Joshua,3
110912,Joshua,1
2897196,Jane,5
1329338,Jane,1
7065882,Jane,4
1615477,Jane,5
2316564,Jane,3
174856,Jane,5
244847,Jane,3
104927,Jane,3
1562870,Jane,2
967060,Jane,2
148537,Jane,4
260775,Jane,3
5280788,Jane,4
502413,Jane,3
371636,Jane,2
1809195,Jane,3
2130022,Jane,4
419815,Jane,4
2187105,Jane,2
6610020,Jane,1
642381,Jane,5
288320,Jane,4
2932788,Jane,4
2912226,Jane,2
559276,Jane,3
3295276,Jane,3
4138326,Jane,1
660187,Jane,1
1634540,Jane,4
110912,Jane,3
105236,Jane,4
116367,Jane,2
1028528,Jane,5
2897196,Robert,4
1329338,Robert,4
7065882,Robert,1
1615477,Robert,5
2316564,Robert,5
174856,Robert,4
244847,Robert,2
104927,Robert,4
1562870,Robert,2
967060,Robert,2
148537,Robert,3
260775,Robert,5
5280788,Robert,3
502413,Robert,5
371636,Robert,3
1809195,Robert,3
2130022,Robert,5
419815,Robert,5
2187105,Robert,3
6610020,Robert,2
642381,Robert,1
288320,Robert,3
2932788,Robert,1
2912226,Robert,3
559276,Robert,5
3295276,Robert,4
4138326,Robert,1
660187,Robert,1
1634540,Robert,3
110912,Robert,3
2897196,Barbara,3
1329338,Barbara,1
7065882,Barbara,5
1615477,Barbara,1
2316564,Barbara,1
174856,Barbara,4
244847,Barbara,1
104927,Barbara,5
1562870,Barbara,5
967060,Barbara,4
148537,Barbara,2
260775,Barbara,3
5280788,Barbara,2
502413,Barbara,5
371636,Barbara,2
1809195,Barbara,4
2130022,Barbara,1
419815,Barbara,2
2187105,Barbara,5
6610020,Barbara,2
642381,Barbara,1
288320,Barbara,1
2932788,Barbara,2
2912226,Barbara,4
559276,Barbara,2
3295276,Barbara,3
2897196,Alan,3
1329338,Alan,1
7065882,Alan,1
1615477,Alan,1
2316564,Alan,2
174856,Alan,1
244847,Alan,4
104927,Alan,5
1562870,Alan,2
967060,Alan,1
148537,Alan,4
260775,Alan,1
5280788,Alan,2
502413,Alan,5
371636,Alan,5
1809195,Alan,1
2130022,Alan,5
419815,Alan,3
2187105,Alan,4
6610020,Alan,3
642381,Alan,2
288320,Alan,2
2932788,Alan,3
2912226,Alan,5
559276,Alan,3
3295276,Alan,3
4138326,Alan,3
660187,Alan,1
1634540,Alan,3
110912,Alan,2
105236,Alan,1
116367,Alan,5
1028528,Alan,3
3460252,Alan,5
361748,Alan,5
119396,Alan,2
2897196,Andrew,3
1329338,Andrew,5
7065882,Andrew,2
1615477,Andrew,2
2316564,Andrew,3
174856,Andrew,5
244847,Andrew,4
104927,Andrew,1
1562870,Andrew,5
967060,Andrew,3
148537,Andrew,3
260775,Andrew,1
5280788,Andrew,4
502413,Andrew,3
371636,Andrew,4
1809195,Andrew,4
2130022,Andrew,2
419815,Andrew,1
2187105,Andrew,4
6610020,Andrew,2
642381,Andrew,5
288320,Andrew,5
2932788,Andrew,2
2912226,Andrew,1
559276,Andrew,3
3295276,Andrew,2
4138326,Andrew,4
660187,Andrew,1
1634540,Andrew,1
110912,Andrew,1
105236,Andrew,1
116367,Andrew,4
1028528,Andrew,2
3460252,Andrew,2
361748,Andrew,4
2897196,Eugenia,1
1329338,Eugenia,2
7065882,Eugenia,4
1615477,Eugenia,1
2316564,Eugenia,2
174856,Eugenia,3
244847,Eugenia,4
104927,Eugenia,2
1562870,Eugenia,5
967060,Eugenia,1
148537,Eugenia,2
260775,Eugenia,2
5280788,Eugenia,1
502413,Eugenia,4
371636,Eugenia,1
1809195,Eugenia,3
2130022,Eugenia,1
419815,Eugenia,2
2187105,Eugenia,4
6610020,Eugenia,4
642381,Eugenia,5
288320,Eugenia,1
2932788,Eugenia,4
2912226,Eugenia,4
559276,Eugenia,4
3295276,Eugenia,2
4138326,Eugenia,3
660187,Eugenia,5
1634540,Eugenia,1
110912,Eugenia,4
